antecedents,consequents,antecedent support,consequent support,support,confidence,lift,representativity,leverage,conviction,zhangs_metric,jaccard,certainty,kulczynski
frozenset({'服装'}),frozenset({'电子产品'}),0.4872140740740741,0.4842086518518518,0.2224253629629629,0.45652491337749457,0.9428268405191006,1.0,-0.013487907007692784,0.9490616236957589,-0.10575059466881137,0.2969641469538279,-0.05367235913078125,0.4579417097465964
frozenset({'电子产品'}),frozenset({'服装'}),0.4842086518518518,0.4872140740740741,0.2224253629629629,0.4593585061156983,0.9428268405191006,1.0,-0.013487907007692784,0.9484768219356524,-0.10519922787300016,0.2969641469538279,-0.05432202123737624,0.4579417097465964
frozenset({'食品'}),frozenset({'电子产品'}),0.4846506962962963,0.4842086518518518,0.2212783703703703,0.4565728927274447,0.9429259286906289,1.0,-0.013393689902320621,0.9491454166445429,-0.10510679473164261,0.2959925104409845,-0.05357933828015548,0.4567813003115949
frozenset({'电子产品'}),frozenset({'食品'}),0.4842086518518518,0.4846506962962963,0.2212783703703703,0.4569897078957451,0.9429259286906289,1.0,-0.013393689902320621,0.9490599187478376,-0.10502617654799061,0.2959925104409845,-0.05367425201073849,0.4567813003115949
"frozenset({'服装', '食品'})",frozenset({'电子产品'}),0.2226465777777777,0.4842086518518518,0.0990000296296296,0.4446510277307787,0.9183045904492096,1.0,-0.0088073696355766,0.9287697896343698,-0.1026914296281063,0.16286778435000573,-0.076693074172526,0.32455420107595945
"frozenset({'服装', '电子产品'})",frozenset({'食品'}),0.2224253629629629,0.4846506962962963,0.0990000296296296,0.44509325874906885,0.9183794888782258,1.0,-0.008798577404326796,0.9287133591888741,-0.10257323781944476,0.16280863708758445,-0.07675849615578548,0.3246820749502743
"frozenset({'食品', '电子产品'})",frozenset({'服装'}),0.2212783703703703,0.4872140740740741,0.0990000296296296,0.4474003919313297,0.9182829801901591,1.0,-0.008809906702990394,0.927952026093734,-0.1025560066991393,0.162430289899029,-0.0776419166942886,0.32529827666332756
frozenset({'服装'}),"frozenset({'食品', '电子产品'})",0.4872140740740741,0.2212783703703703,0.0990000296296296,0.20319616139532545,0.9182829801901592,1.0,-0.008809906702990394,0.9773065739659218,-0.1478774480051497,0.162430289899029,-0.023220375917444306,0.32529827666332756
frozenset({'食品'}),"frozenset({'服装', '电子产品'})",0.4846506962962963,0.2224253629629629,0.0990000296296296,0.20427089115147973,0.9183794888782258,1.0,-0.008798577404326796,0.9771851103477236,-0.14708869987374146,0.16280863708758445,-0.023347561696020747,0.3246820749502743
frozenset({'电子产品'}),"frozenset({'服装', '食品'})",0.4842086518518518,0.2226465777777777,0.0990000296296296,0.20445737442114023,0.9183045904492096,1.0,-0.0088073696355766,0.9771361046261945,-0.1471064387082114,0.16286778435000573,-0.023398885033065055,0.32455420107595945
frozenset({'服装'}),frozenset({'食品'}),0.4872140740740741,0.4846506962962963,0.2226465777777777,0.4569789536579097,0.9429037390230649,1.0,-0.013482062467577605,0.9490411231299604,-0.10561567808496393,0.2971718786049923,-0.05369511987212519,0.4581874629035073
frozenset({'食品'}),frozenset({'服装'}),0.4846506962962963,0.4872140740740741,0.2226465777777777,0.459395972149105,0.942903739023065,1.0,-0.013482062467577605,0.9485425551941289,-0.10514557651411126,0.2971718786049923,-0.05424895754449299,0.4581874629035073
frozenset({'食品'}),frozenset({'家居'}),0.4846506962962963,0.2510897777777778,0.1136085333333333,0.2344132262710658,0.9335833116970964,1.0,-0.00808230229954901,0.9782172941344248,-0.12130055684396203,0.18261163893637325,-0.02226775788588929,0.3434375141678329
frozenset({'家居'}),frozenset({'食品'}),0.2510897777777778,0.4846506962962963,0.1136085333333333,0.4524618020646,0.9335833116970964,1.0,-0.00808230229954901,0.9412116006644454,-0.08675265898261089,0.18261163893637325,-0.06246034291763217,0.3434375141678329
frozenset({'电子产品'}),frozenset({'家居'}),0.4842086518518518,0.2510897777777778,0.113472474074074,0.23434623408751476,0.9333165059985772,1.0,-0.008107368717484839,0.978131703342034,-0.12166743018241824,0.1824826915960668,-0.02235721077565259,0.3431330806040833
frozenset({'家居'}),frozenset({'电子产品'}),0.2510897777777778,0.4842086518518518,0.113472474074074,0.4519199271206518,0.9333165059985772,1.0,-0.008107368717484839,0.9410875776570918,-0.0870935362303759,0.1824826915960668,-0.06260036126454345,0.3431330806040833
frozenset({'服装'}),frozenset({'家居'}),0.4872140740740741,0.2510897777777778,0.1140722962962963,0.23413177567393753,0.9324623955068031,1.0,-0.008262177293168735,0.9778578069108915,-0.12376524455481405,0.18274035537145167,-0.02264357141971066,0.3442202891548388
frozenset({'家居'}),frozenset({'服装'}),0.2510897777777778,0.4872140740740741,0.1140722962962963,0.4543088026357401,0.932462395506803,1.0,-0.008262177293168735,0.9396998309716749,-0.08818436690284112,0.18274035537145167,-0.06416960718825832,0.3442202891548388
"frozenset({'服装', '食品'})",frozenset({'家居'}),0.2226465777777777,0.2510897777777778,0.0495457481481481,0.22253092161874338,0.8862603790094956,1.0,-0.006358531589056825,0.9632668913103324,-0.1417003332299946,0.11680067234624703,-0.03813388482573045,0.20992688101262189
"frozenset({'服装', '家居'})",frozenset({'食品'}),0.1140722962962963,0.4846506962962963,0.0495457481481481,0.4343363792682479,0.8961843706971832,1.0,-0.005739469679969328,0.9110525846386216,-0.11563719797302098,0.09021813749451559,-0.09763148347431598,0.26828309416926344
"frozenset({'食品', '家居'})",frozenset({'服装'}),0.1136085333333333,0.4872140740740741,0.0495457481481481,0.4361093898006615,0.8951083579214445,1.0,-0.005805928226765469,0.9093712799095081,-0.11676578186300351,0.08987452913354974,-0.09966085590421384,0.2689006687592626
frozenset({'服装'}),"frozenset({'食品', '家居'})",0.4872140740740741,0.1136085333333333,0.0495457481481481,0.10169194771786368,0.8951083579214446,1.0,-0.005805928226765469,0.9867344107790242,-0.186014166899278,0.08987452913354974,-0.013443930885619567,0.2689006687592626
frozenset({'食品'}),"frozenset({'服装', '家居'})",0.4846506962962963,0.1140722962962963,0.0495457481481481,0.1022298090702789,0.896184370697183,1.0,-0.005739469679969328,0.986808999289948,-0.18352891276359495,0.09021813749451559,-0.013367329158472833,0.26828309416926344
frozenset({'家居'}),"frozenset({'服装', '食品'})",0.2510897777777778,0.2226465777777777,0.0495457481481481,0.1973228404065004,0.8862603790094956,1.0,-0.006358531589056825,0.9684509057363709,-0.14629471982000627,0.11680067234624703,-0.032576864843386504,0.20992688101262189
"frozenset({'食品', '电子产品'})",frozenset({'家居'}),0.2212783703703703,0.2510897777777778,0.0492291259259259,0.22247599638196627,0.8860416316066215,1.0,-0.006331610917399193,0.9631988449711343,-0.14175016841227453,0.11634267543415547,-0.03820722504081542,0.20926892235209174
"frozenset({'食品', '家居'})",frozenset({'电子产品'}),0.1136085333333333,0.4842086518518518,0.0492291259259259,0.4333224317004877,0.8949084863379656,1.0,-0.0057811088382735895,0.9102025155079569,-0.11698532256902068,0.08973787361029767,-0.09865659890198145,0.26749583615044864
"frozenset({'电子产品', '家居'})",frozenset({'食品'}),0.113472474074074,0.4846506962962963,0.0492291259259259,0.43384200730292954,0.8951643123972645,1.0,-0.005765387644537497,0.9102570490061904,-0.1166884978852765,0.08968784854598391,-0.09859077838703911,0.2677092582667322
frozenset({'食品'}),"frozenset({'电子产品', '家居'})",0.4846506962962963,0.113472474074074,0.0492291259259259,0.10157650923053488,0.8951643123972646,1.0,-0.005765387644537497,0.9867590674489702,-0.18517037462161032,0.08968784854598391,-0.013418607426897981,0.2677092582667322
frozenset({'电子产品'}),"frozenset({'食品', '家居'})",0.4842086518518518,0.1136085333333333,0.0492291259259259,0.10166924060040962,0.8949084863379656,1.0,-0.0057811088382735895,0.9867094690814067,-0.18545204458576559,0.08973787361029767,-0.013469548367632846,0.26749583615044864
frozenset({'家居'}),"frozenset({'食品', '电子产品'})",0.2510897777777778,0.2212783703703703,0.0492291259259259,0.1960618483222172,0.8860416316066216,1.0,-0.006331610917399193,0.9686337537340064,-0.14656572384016273,0.11634267543415547,-0.032381946370420446,0.20926892235209174
"frozenset({'服装', '电子产品'})",frozenset({'家居'}),0.2224253629629629,0.2510897777777778,0.049437037037037,0.22226348820331698,0.8851952881969851,1.0,-0.006411697921474918,0.9629356611947303,-0.14295015018676066,0.11657531149398327,-0.03849098158778672,0.20957668573681798
"frozenset({'服装', '家居'})",frozenset({'电子产品'}),0.1140722962962963,0.4842086518518518,0.049437037037037,0.4333833774032839,0.8950343529505574,1.0,-0.005797755766237617,0.9103004175633896,-0.11690108718393741,0.0900748574161164,-0.09853843929535938,0.26774100065421186
"frozenset({'电子产品', '家居'})",frozenset({'服装'}),0.113472474074074,0.4872140740740741,0.049437037037037,0.43567426761810857,0.8942152757924443,1.0,-0.005848349351857338,0.9086701110749857,-0.11773072156730117,0.08968177937680268,-0.10050940138987091,0.26857154365855385
frozenset({'服装'}),"frozenset({'电子产品', '家居'})",0.4872140740740741,0.113472474074074,0.049437037037037,0.10146881969899907,0.8942152757924443,1.0,-0.005848349351857338,0.9866408037492324,-0.18745330602073063,0.08968177937680268,-0.01354008084806822,0.26857154365855385
frozenset({'电子产品'}),"frozenset({'服装', '家居'})",0.4842086518518518,0.1140722962962963,0.049437037037037,0.10209862390513982,0.8950343529505574,1.0,-0.005797755766237617,0.9866648245453946,-0.1852498547755294,0.0900748574161164,-0.013515405761778771,0.26774100065421186
frozenset({'家居'}),"frozenset({'服装', '电子产品'})",0.2510897777777778,0.2224253629629629,0.049437037037037,0.19688988327031898,0.8851952881969852,1.0,-0.006411697921474918,0.9682042609590997,-0.1476138898735761,0.11657531149398327,-0.03283990819189698,0.20957668573681798
frozenset({'服装'}),frozenset({'玩具'}),0.4872140740740741,0.2003952,0.0909296592592592,0.18663184028923313,0.931318915269593,1.0,-0.0067057025576297,0.9830785609856413,-0.12573235026869456,0.15239276992474443,-0.0172127027135991,0.32019176162998947
frozenset({'玩具'}),frozenset({'服装'}),0.2003952,0.4872140740740741,0.0909296592592592,0.4537516829707458,0.931318915269593,1.0,-0.0067057025576297,0.9387414293826809,-0.08444034095806018,0.15239276992474443,-0.06525606381046045,0.32019176162998947
frozenset({'电子产品'}),frozenset({'玩具'}),0.4842086518518518,0.2003952,0.090376474074074,0.18664778856889475,0.9313984994096403,1.0,-0.0066566155555082135,0.983097837274068,-0.12495519572151008,0.1520907273105682,-0.017192757511092043,0.3188195001524372
frozenset({'玩具'}),frozenset({'电子产品'}),0.2003952,0.4842086518518518,0.090376474074074,0.45099121173597967,0.9313984994096403,1.0,-0.0066566155555082135,0.9394956131378033,-0.08434414959007044,0.1520907273105682,-0.06440092536474895,0.3188195001524372
frozenset({'食品'}),frozenset({'玩具'}),0.4846506962962963,0.2003952,0.0903851851851851,0.18649552322096977,0.9306386740848572,1.0,-0.006736488029250462,0.9829138287793273,-0.1263491946840314,0.15199454663198156,-0.01738318326632135,0.3187651023082289
frozenset({'玩具'}),frozenset({'食品'}),0.2003952,0.4846506962962963,0.0903851851851851,0.451034681395488,0.9306386740848572,1.0,-0.006736488029250462,0.9387647748199078,-0.08526237764513647,0.15199454663198156,-0.06522957275622045,0.3187651023082289
frozenset({'玩具'}),frozenset({'家居'}),0.2003952,0.2510897777777778,0.0461178962962963,0.2301347352446381,0.9165436254769178,1.0,-0.004199289939437037,0.9727808962263045,-0.1022337424122875,0.1137682323087281,-0.02798071372421696,0.20690283919040506
frozenset({'家居'}),frozenset({'玩具'}),0.2510897777777778,0.2003952,0.0461178962962963,0.18367094313617202,0.9165436254769177,1.0,-0.004199289939437037,0.9795128487425412,-0.10840387057805745,0.1137682323087281,-0.02091565341257078,0.20690283919040506
"frozenset({'服装', '电子产品'})",frozenset({'玩具'}),0.2224253629629629,0.2003952,0.0392557037037037,0.17648933188541252,0.8807063836130432,1.0,-0.005317271392331839,0.9709707851516732,-0.14835511258289152,0.102344369553338,-0.02989710431276485,0.18619038446217107
"frozenset({'服装', '玩具'})",frozenset({'电子产品'}),0.0909296592592592,0.4842086518518518,0.0392557037037037,0.4317150644079464,0.8915889106005352,1.0,-0.004773224019570442,0.9076280503736804,-0.11797559194152706,0.07325429704394075,-0.10177291191946854,0.2563934701240936
"frozenset({'电子产品', '玩具'})",frozenset({'服装'}),0.090376474074074,0.4872140740740741,0.0392557037037037,0.43435754830985224,0.8915127280247949,1.0,-0.004776986430375822,0.9065548817874512,-0.11799428085364334,0.07292060714408179,-0.1030771772231853,0.25746466263044604
frozenset({'服装'}),"frozenset({'电子产品', '玩具'})",0.4872140740740741,0.090376474074074,0.0392557037037037,0.08057177695103984,0.8915127280247948,1.0,-0.004776986430375822,0.9893360929355417,-0.1917947842334742,0.07292060714408179,-0.010778851737650183,0.25746466263044604
frozenset({'电子产品'}),"frozenset({'服装', '玩具'})",0.4842086518518518,0.0909296592592592,0.0392557037037037,0.08107187584024078,0.8915889106005352,1.0,-0.004773224019570442,0.9892725196238475,-0.19076889533684235,0.07325429704394075,-0.010843807104064095,0.2563934701240936
frozenset({'玩具'}),"frozenset({'服装', '电子产品'})",0.2003952,0.2224253629629629,0.0392557037037037,0.19589143703892958,0.8807063836130433,1.0,-0.005317271392331839,0.9670020602363391,-0.14485983121515264,0.102344369553338,-0.03412396014502394,0.18619038446217107
"frozenset({'服装', '食品'})",frozenset({'玩具'}),0.2226465777777777,0.2003952,0.0392175703703703,0.17614270455804237,0.8789766649003687,1.0,-0.005399735112723014,0.970562261721616,-0.15047060499454828,0.10217586492334782,-0.030330602620141377,0.18592192547231698
"frozenset({'服装', '玩具'})",frozenset({'食品'}),0.0909296592592592,0.4846506962962963,0.0392175703703703,0.43129569262492146,0.8899103950966869,1.0,-0.0048515523036146355,0.906181467276657,-0.11978229854473726,0.07311762011383768,-0.10353172748643302,0.25610747081116797
"frozenset({'食品', '玩具'})",frozenset({'服装'}),0.0903851851851851,0.4872140740740741,0.0392175703703703,0.433893787903622,0.8905608663465139,1.0,-0.004819363939643377,0.9058122221040485,-0.11901942477148685,0.07284343279079095,-0.10398157101167091,0.25719364836351527
frozenset({'服装'}),"frozenset({'食品', '玩具'})",0.4872140740740741,0.0903851851851851,0.0392175703703703,0.08049350882340853,0.8905608663465139,1.0,-0.004819363939643377,0.989242407251395,-0.19331908273575782,0.07284343279079095,-0.010874577019494102,0.25719364836351527
frozenset({'食品'}),"frozenset({'服装', '玩具'})",0.4846506962962963,0.0909296592592592,0.0392175703703703,0.08091924899741447,0.889910395096687,1.0,-0.0048515523036146355,0.9891082364080361,-0.19357969242653447,0.07311762011383768,-0.011011700429790624,0.25610747081116797
frozenset({'玩具'}),"frozenset({'服装', '食品'})",0.2003952,0.2226465777777777,0.0392175703703703,0.19570114638659158,0.8789766649003687,1.0,-0.005399735112723014,0.9664982347418121,-0.14689842011377507,0.10217586492334782,-0.03466303822803935,0.18592192547231698
"frozenset({'食品', '电子产品'})",frozenset({'玩具'}),0.2212783703703703,0.2003952,0.0390290074074074,0.17637967661313486,0.8801591885091802,1.0,-0.005314115878637032,0.9708415119139979,-0.14882623801813336,0.10199807127844937,-0.030034241148708878,0.1855699337564769
"frozenset({'食品', '玩具'})",frozenset({'电子产品'}),0.0903851851851851,0.4842086518518518,0.0390290074074074,0.4318075725290939,0.8917799607207545,1.0,-0.00473628125849105,0.907775822433957,-0.11770771637178316,0.0728744780242533,-0.10159356009148682,0.2562056347116382
"frozenset({'电子产品', '玩具'})",frozenset({'食品'}),0.090376474074074,0.4846506962962963,0.0390290074074074,0.4318491931364638,0.8910524557927144,1.0,-0.004772013681396736,0.9070642820146257,-0.11848952705037205,0.07281556188860348,-0.10245769768263885,0.256189686153027
frozenset({'食品'}),"frozenset({'电子产品', '玩具'})",0.4846506962962963,0.090376474074074,0.0390290074074074,0.08053017916959022,0.8910524557927145,1.0,-0.004772013681396736,0.9892913343304828,-0.1917581439490125,0.07281556188860348,-0.010824582504570787,0.256189686153027
frozenset({'电子产品'}),"frozenset({'食品', '玩具'})",0.4842086518518518,0.0903851851851851,0.0390290074074074,0.0806036968941825,0.8917799607207546,1.0,-0.00473628125849105,0.9893609662580111,-0.1904637127265954,0.0728744780242533,-0.010753439952485799,0.2562056347116382
frozenset({'玩具'}),"frozenset({'食品', '电子产品'})",0.2003952,0.2212783703703703,0.0390290074074074,0.19476019089981894,0.8801591885091802,1.0,-0.005314115878637032,0.9670679725829946,-0.14550492270275006,0.10199807127844937,-0.03405347747071536,0.1855699337564769
frozenset({'食品'}),frozenset({'汽车用品'}),0.4846506962962963,0.1310969777777778,0.0589587259259259,0.12165199880344515,0.9279542584853268,1.0,-0.0045775156364141825,0.989246882828371,-0.13092885857186398,0.10589061819926496,-0.010870003593930507,0.28569283815473606
frozenset({'汽车用品'}),frozenset({'食品'}),0.1310969777777778,0.4846506962962963,0.0589587259259259,0.449733677506027,0.9279542584853269,1.0,-0.0045775156364141825,0.9365452375278668,-0.08202414238607783,0.10589061819926496,-0.06775408162837958,0.28569283815473606
frozenset({'电子产品'}),frozenset({'汽车用品'}),0.4842086518518518,0.1310969777777778,0.0589094222222222,0.12166123425701632,0.9280247059794469,1.0,-0.0045688686494077535,0.9892572844456208,-0.13071149796033346,0.1058767501250907,-0.010859374728182585,0.28550941301226773
frozenset({'汽车用品'}),frozenset({'电子产品'}),0.1310969777777778,0.4842086518518518,0.0589094222222222,0.44935759176751916,0.928024705979447,1.0,-0.0045688686494077535,0.936708361791091,-0.0819447994643267,0.1058767501250907,-0.06756813624241434,0.28550941301226773
frozenset({'服装'}),frozenset({'汽车用品'}),0.4872140740740741,0.1310969777777778,0.0592600888888888,0.12163049477072194,0.9277902269943822,1.0,-0.004612203753020669,0.9892226643221355,-0.13177746354937184,0.10600122853703904,-0.010894752078137894,0.28683147557538247
frozenset({'汽车用品'}),frozenset({'服装'}),0.1310969777777778,0.4872140740740741,0.0592600888888888,0.45203245638004297,0.9277902269943823,1.0,-0.004612203753020669,0.9357961651129628,-0.08220887972057841,0.10600122853703904,-0.06860878178453213,0.28683147557538247
frozenset({'汽车用品'}),frozenset({'玩具'}),0.1310969777777778,0.2003952,0.0238481481481481,0.18191226489273496,0.9077675757340243,1.0,-0.0024230569330252333,0.9774071480183704,-0.10469127019336946,0.07751864444390066,-0.023115087737423583,0.1504589252980628
frozenset({'玩具'}),frozenset({'汽车用品'}),0.2003952,0.1310969777777778,0.0238481481481481,0.1190055857033906,0.9077675757340243,1.0,-0.0024230569330252333,0.9862752908779325,-0.11274148273825715,0.07751864444390066,-0.013915698029756427,0.1504589252980628
frozenset({'汽车用品'}),frozenset({'家居'}),0.1310969777777778,0.2510897777777778,0.0300536296296296,0.22924731095306747,0.9130093346769315,1.0,-0.0028634813879309003,0.9716608619922955,-0.09881852813536433,0.08534735137628495,-0.029165667895275537,0.1744700377060564
frozenset({'家居'}),frozenset({'汽车用品'}),0.2510897777777778,0.1310969777777778,0.0300536296296296,0.11969276445904536,0.9130093346769315,1.0,-0.0028634813879309003,0.9870451896130055,-0.1128645628608006,0.08534735137628495,-0.013124840203186442,0.1744700377060564
"frozenset({'服装', '食品'})",frozenset({'汽车用品'}),0.2226465777777777,0.1310969777777778,0.0254446518518518,0.11428269909114869,0.8717416757300771,1.0,-0.0037436416073797947,0.9810162015923416,-0.1591472647598669,0.0775045288448971,-0.01935115686860719,0.1541864999493578
"frozenset({'服装', '汽车用品'})",frozenset({'食品'}),0.0592600888888888,0.4846506962962963,0.0254446518518518,0.42937248878515677,0.8859421683831759,1.0,-0.003275791490728569,0.9031273353900262,-0.12037778722624626,0.04907678672908202,-0.10726357271440372,0.24093675021697933
"frozenset({'食品', '汽车用品'})",frozenset({'服装'}),0.0589587259259259,0.4872140740740741,0.0254446518518518,0.43156719301939717,0.8857855632343318,1.0,-0.003280869208735295,0.902104733626721,-0.12050793832749145,0.04886359983100577,-0.10851873704255162,0.24189599063563602
frozenset({'服装'}),"frozenset({'食品', '汽车用品'})",0.4872140740740741,0.0589587259259259,0.0254446518518518,0.052224788251874876,0.8857855632343318,1.0,-0.003280869208735295,0.9928950054922512,-0.2009286504280983,0.04886359983100577,-0.007155836688116364,0.24189599063563602
frozenset({'食品'}),"frozenset({'服装', '汽车用品'})",0.4846506962962963,0.0592600888888888,0.0254446518518518,0.05250101164880189,0.8859421683831759,1.0,-0.003275791490728569,0.9928664016287249,-0.19988141015844038,0.04907678672908202,-0.007184852221379383,0.24093675021697933
frozenset({'汽车用品'}),"frozenset({'服装', '食品'})",0.1310969777777778,0.2226465777777777,0.0254446518518518,0.19409030080756687,0.8717416757300771,1.0,-0.0037436416073797947,0.9645664061385216,-0.14480729250553712,0.0775045288448971,-0.036735256003089196,0.1541864999493578
"frozenset({'食品', '汽车用品'})",frozenset({'电子产品'}),0.0589587259259259,0.4842086518518518,0.0252400888888888,0.42809759696299654,0.884118024999638,1.0,-0.003308236306606604,0.9018870097574591,-0.12225468020428065,0.048732880908894466,-0.108786343722731,0.24011203464256056
"frozenset({'食品', '电子产品'})",frozenset({'汽车用品'}),0.2212783703703703,0.1310969777777778,0.0252400888888888,0.1140648715310157,0.8700800999727608,1.0,-0.003768836714258518,0.9807749961600509,-0.1608974760692199,0.07715490206112474,-0.01960184947130512,0.15329738907233856
"frozenset({'电子产品', '汽车用品'})",frozenset({'食品'}),0.0589094222222222,0.4846506962962963,0.0252400888888888,0.4284558893427335,0.8840509105155447,1.0,-0.0033104036095237023,0.9016789677196748,-0.12231935015755749,0.04869595509732537,-0.10904217110550637,0.24026740884811684
frozenset({'食品'}),"frozenset({'电子产品', '汽车用品'})",0.4846506962962963,0.0589094222222222,0.0252400888888888,0.0520789283535002,0.8840509105155446,1.0,-0.0033104036095237023,0.9927942377556206,-0.20286988759470512,0.04869595509732537,-0.007258062114330196,0.24026740884811684
frozenset({'汽车用品'}),"frozenset({'食品', '电子产品'})",0.1310969777777778,0.2212783703703703,0.0252400888888888,0.1925299066136614,0.8700800999727609,1.0,-0.003768836714258518,0.9643968686986975,-0.14664719329027884,0.07715490206112474,-0.03691751026664308,0.15329738907233856
frozenset({'电子产品'}),"frozenset({'食品', '汽车用品'})",0.4842086518518518,0.0589587259259259,0.0252400888888888,0.05212647232212456,0.884118024999638,1.0,-0.003308236306606604,0.9927920198166741,-0.20262543816040615,0.048732880908894466,-0.007260312371020973,0.24011203464256056
"frozenset({'服装', '电子产品'})",frozenset({'汽车用品'}),0.2224253629629629,0.1310969777777778,0.0253755259259259,0.11408557723766108,0.8702380418795566,1.0,-0.0037837669396438046,0.9807979189603054,-0.1609077461777095,0.07732979501948309,-0.01957801976175661,0.15382429478344978
"frozenset({'服装', '汽车用品'})",frozenset({'电子产品'}),0.0592600888888888,0.4842086518518518,0.0253755259259259,0.4282060051159286,0.8843419122691394,1.0,-0.003318721823583847,0.9020580012434768,-0.12205449774993857,0.048978688005007036,-0.10857616541454247,0.24030609272258385
"frozenset({'电子产品', '汽车用品'})",frozenset({'服装'}),0.0589094222222222,0.4872140740740741,0.0253755259259259,0.43075496191768076,0.8841184703793891,1.0,-0.0033259736763127726,0.9008175594352239,-0.12224859181369681,0.048728996308671405,-0.1101026945200307,0.2414189350918627
frozenset({'服装'}),"frozenset({'电子产品', '汽车用品'})",0.4872140740740741,0.0589094222222222,0.0253755259259259,0.05208290826604469,0.8841184703793892,1.0,-0.0033259736763127726,0.9927984060887749,-0.20357055726123538,0.048728996308671405,-0.007253833071304508,0.2414189350918627
frozenset({'电子产品'}),"frozenset({'服装', '汽车用品'})",0.4842086518518518,0.0592600888888888,0.0253755259259259,0.052406180329239105,0.8843419122691395,1.0,-0.003318721823583847,0.9927670396140499,-0.20227230220266607,0.048978688005007036,-0.0072856572562702455,0.24030609272258385
frozenset({'汽车用品'}),"frozenset({'服装', '电子产品'})",0.1310969777777778,0.2224253629629629,0.0253755259259259,0.19356301232923845,0.8702380418795564,1.0,-0.0037837669396438046,0.9642100361528707,-0.14647233952443997,0.07732979501948309,-0.03711843115627456,0.15382429478344978
frozenset({'办公'}),frozenset({'电子产品'}),0.1367248888888889,0.4842086518518518,0.0614391407407407,0.44936325229468604,0.928036396243851,1.0,-0.004764233382742421,0.9367179911214096,-0.08242174196901286,0.10981189577722442,-0.06755716179085129,0.28812446272798575
frozenset({'电子产品'}),frozenset({'办公'}),0.4842086518518518,0.1367248888888889,0.0614391407407407,0.1268856731612854,0.928036396243851,1.0,-0.004764233382742421,0.9887308964872581,-0.13069161122290712,0.10981189577722442,-0.01139754361149084,0.28812446272798575
frozenset({'服装'}),frozenset({'办公'}),0.4872140740740741,0.1367248888888889,0.0618516148148148,0.12694956510105068,0.9285036991634914,1.0,-0.00476267532806586,0.9888032542026399,-0.13055825204287472,0.11003915142119992,-0.011323532512429915,0.2896648175816719
frozenset({'办公'}),frozenset({'服装'}),0.1367248888888889,0.4872140740740741,0.0618516148148148,0.4523800700622931,0.9285036991634914,1.0,-0.00476267532806586,0.9363901821182012,-0.08189252072795063,0.11003915142119992,-0.06793088938406806,0.2896648175816719
frozenset({'办公'}),frozenset({'食品'}),0.1367248888888889,0.4846506962962963,0.0615144592592592,0.449914128723481,0.9283265910102423,1.0,-0.004749353341774558,0.9368524636122606,-0.08209310508609274,0.10987449638966011,-0.06740392840966528,0.2884197393659787
frozenset({'食品'}),frozenset({'办公'}),0.4846506962962963,0.1367248888888889,0.0615144592592592,0.12692535000847638,0.9283265910102423,1.0,-0.004749353341774558,0.9887758293285601,-0.13029494617528317,0.10987449638966011,-0.011351582773884964,0.2884197393659787
frozenset({'办公'}),frozenset({'家居'}),0.1367248888888889,0.2510897777777778,0.0313535407407407,0.22931845836949646,0.9132926891689329,1.0,-0.002976681227061774,0.9717505633231847,-0.09907933121022597,0.0879578121156922,-0.029070666633017585,0.17709414990957667
frozenset({'家居'}),frozenset({'办公'}),0.2510897777777778,0.1367248888888889,0.0313535407407407,0.12486984144965689,0.9132926891689329,1.0,-0.002976681227061774,0.9864533894490963,-0.11250731482114316,0.0879578121156922,-0.013732641294353448,0.17709414990957667
frozenset({'办公'}),frozenset({'玩具'}),0.1367248888888889,0.2003952,0.0249249185185185,0.18229978989980405,0.909701379572984,1.0,-0.0024740929353481676,0.9778703614397033,-0.10312521269936906,0.07983761724740653,-0.022630442063624356,0.15333930497199463
frozenset({'玩具'}),frozenset({'办公'}),0.2003952,0.1367248888888889,0.0249249185185185,0.1243788200441852,0.9097013795729841,1.0,-0.0024740929353481676,0.9859002167520358,-0.11042998315476925,0.07983761724740653,-0.014301430315549373,0.15333930497199463
"frozenset({'服装', '办公'})",frozenset({'电子产品'}),0.0618516148148148,0.4842086518518518,0.0265163555555555,0.4287091878675455,0.8853810980616537,1.0,-0.0034327314687859975,0.9028525178321288,-0.12125933609417269,0.051037756363743886,-0.10760061056387754,0.24173571925458634
"frozenset({'服装', '电子产品'})",frozenset({'办公'}),0.2224253629629629,0.1367248888888889,0.0265163555555555,0.11921462194026346,0.8719306551212094,1.0,-0.003894727481626385,0.9801197120379105,-0.15888304125837888,0.07971633634094778,-0.0202835303870723,0.15657705719206624
"frozenset({'办公', '电子产品'})",frozenset({'服装'}),0.0614391407407407,0.4872140740740741,0.0265163555555555,0.43158734376589886,0.8858269223566847,1.0,-0.0034176585123512036,0.902136714061368,-0.12074453176598311,0.05078430125230673,-0.10847944043653555,0.2430058943602542
frozenset({'服装'}),"frozenset({'办公', '电子产品'})",0.4872140740740741,0.0614391407407407,0.0265163555555555,0.05442444495460954,0.8858269223566847,1.0,-0.0034176585123512036,0.9925815597191548,-0.200863011038046,0.05078430125230673,-0.00747388484926526,0.2430058943602542
frozenset({'办公'}),"frozenset({'服装', '电子产品'})",0.1367248888888889,0.2224253629629629,0.0265163555555555,0.19393949244386902,0.8719306551212094,1.0,-0.003894727481626385,0.9646603818794456,-0.1454035773855736,0.07971633634094778,-0.03663425883801949,0.15657705719206624
frozenset({'电子产品'}),"frozenset({'服装', '办公'})",0.4842086518518518,0.0618516148148148,0.0265163555555555,0.05476225064162717,0.8853810980616537,1.0,-0.0034327314687859975,0.9924999142512031,-0.20063144637406094,0.051037756363743886,-0.007556762112624886,0.24173571925458634
"frozenset({'办公', '食品'})",frozenset({'电子产品'}),0.0615144592592592,0.4842086518518518,0.0263621925925925,0.4285527810865775,0.8850580828070319,1.0,-0.003423640794729059,0.9026054044481989,-0.12156012051577028,0.05075890705791048,-0.10790384709843664,0.24149832523174436
"frozenset({'办公', '电子产品'})",frozenset({'食品'}),0.0614391407407407,0.4846506962962963,0.0263621925925925,0.42907814586527177,0.8853348383573771,1.0,-0.0034143297472536277,0.9026617215148496,-0.12126106149709079,0.05072309097733677,-0.10783472497515119,0.2417361788008958
"frozenset({'食品', '电子产品'})",frozenset({'办公'}),0.2212783703703703,0.1367248888888889,0.0263621925925925,0.1191358764458908,0.8713547139373284,1.0,-0.0038920680098107827,0.9800320935174087,-0.15937461690656743,0.07949013328644612,-0.020374747535996364,0.1559739137802415
frozenset({'办公'}),"frozenset({'食品', '电子产品'})",0.1367248888888889,0.2212783703703703,0.0263621925925925,0.19281195111459223,0.8713547139373286,1.0,-0.0038920680098107827,0.9647338444925128,-0.14604441550373706,0.07949013328644612,-0.036555321147708535,0.1559739137802415
frozenset({'食品'}),"frozenset({'办公', '电子产品'})",0.4846506962962963,0.0614391407407407,0.0263621925925925,0.05439421173651981,0.885334838357377,1.0,-0.0034143297472536277,0.9925498245763086,-0.20084213069125884,0.05072309097733677,-0.007506097164312781,0.2417361788008958
frozenset({'电子产品'}),"frozenset({'办公', '食品'})",0.4842086518518518,0.0615144592592592,0.0263621925925925,0.054443869376911216,0.8850580828070319,1.0,-0.003423640794729059,0.992522294918982,-0.2011417912078114,0.05075890705791048,-0.007534042428365182,0.24149832523174436
"frozenset({'服装', '办公'})",frozenset({'食品'}),0.0618516148148148,0.4846506962962963,0.0265217185185185,0.42879589478666247,0.8847524579321219,1.0,-0.00345470966853181,0.9022156861271633,-0.12191938126369088,0.051005208456497905,-0.10838241384672008,0.24175963151057034
"frozenset({'服装', '食品'})",frozenset({'办公'}),0.2226465777777777,0.1367248888888889,0.0265217185185185,0.11912026128238844,0.871240505298146,1.0,-0.003919610089639515,0.9800147207016824,-0.15974701587381637,0.07968075285042411,-0.02039283581782145,0.15654948910420122
"frozenset({'办公', '食品'})",frozenset({'服装'}),0.0615144592592592,0.4872140740740741,0.0265217185185185,0.4311460888689586,0.8849212529180939,1.0,-0.003448991791648825,0.9014369346716163,-0.121703745523414,0.05078776792279825,-0.10933994552185645,0.24279077061462065
frozenset({'服装'}),"frozenset({'办公', '食品'})",0.4872140740740741,0.0615144592592592,0.0265217185185185,0.05443545236028269,0.8849212529180939,1.0,-0.003448991791648825,0.9925134599043006,-0.20229929834374763,0.05078776792279825,-0.007543011151124496,0.24279077061462065
frozenset({'办公'}),"frozenset({'服装', '食品'})",0.1367248888888889,0.2226465777777777,0.0265217185185185,0.193978716926014,0.8712405052981461,1.0,-0.003919610089639515,0.9644328736054824,-0.14617147953624465,0.07968075285042411,-0.03687879931088589,0.15654948910420122
frozenset({'食品'}),"frozenset({'服装', '办公'})",0.4846506962962963,0.0618516148148148,0.0265217185185185,0.05472336823447823,0.8847524579321218,1.0,-0.00345470966853181,0.9924590893916176,-0.2017624541140766,0.051005208456497905,-0.007598208015813504,0.24175963151057034
frozenset({'服装'}),frozenset({'母婴'}),0.4872140740740741,0.1348494222222222,0.0609954962962962,0.1251923939434941,0.9283865802345521,1.0,-0.004705040091127662,0.9889609690040757,-0.13075849601297979,0.10871319750243498,-0.011162251435505147,0.28875770100763376
frozenset({'母婴'}),frozenset({'服装'}),0.1348494222222222,0.4872140740740741,0.0609954962962962,0.45232300807177345,0.9283865802345522,1.0,-0.004705040091127662,0.9362926204377178,-0.08186190800085717,0.10871319750243498,-0.06804216777069032,0.28875770100763376
frozenset({'母婴'}),frozenset({'食品'}),0.1348494222222222,0.4846506962962963,0.0606384296296296,0.44967511636573276,0.9278334268415435,1.0,-0.004716436745523654,0.9364455779291865,-0.08248718888611621,0.10850346487373111,-0.06786771550713593,0.2873964589468897
frozenset({'食品'}),frozenset({'母婴'}),0.4846506962962963,0.1348494222222222,0.0606384296296296,0.1251178015280466,0.9278334268415434,1.0,-0.004716436745523654,0.988876650237972,-0.13113449037935343,0.10850346487373111,-0.011248470432941514,0.2873964589468897
frozenset({'母婴'}),frozenset({'电子产品'}),0.1348494222222222,0.4842086518518518,0.0606143703703703,0.44949670062717917,0.9283119971278557,1.0,-0.004680886566853067,0.9369450623380108,-0.08194622246379447,0.10854159509430296,-0.06729843637218685,0.2873395185409139
frozenset({'电子产品'}),frozenset({'母婴'}),0.4842086518518518,0.1348494222222222,0.0606143703703703,0.12518233645464855,0.9283119971278557,1.0,-0.004680886566853067,0.9889495992474636,-0.130222657981918,0.10854159509430296,-0.011173876566556194,0.2873395185409139
frozenset({'母婴'}),frozenset({'家居'}),0.1348494222222222,0.2510897777777778,0.0308953777777777,0.22911019764596638,0.9124632618406949,1.0,-0.002963933681461802,0.9714880388030905,-0.09981897873793062,0.08701849136369495,-0.029348751665576118,0.17607767065209418
frozenset({'家居'}),frozenset({'母婴'}),0.2510897777777778,0.1348494222222222,0.0308953777777777,0.12304514365822197,0.9124632618406949,1.0,-0.002963933681461802,0.9865394683903778,-0.11355285527451228,0.08701849136369495,-0.013644189655771435,0.17607767065209418
frozenset({'母婴'}),frozenset({'玩具'}),0.1348494222222222,0.2003952,0.0245672592592592,0.18218290337776985,0.9091180995241894,1.0,-0.0024559176768474654,0.9777305993021532,-0.10358021907953913,0.0790764380930707,-0.02277662242926774,0.15238847691518576
frozenset({'玩具'}),frozenset({'母婴'}),0.2003952,0.1348494222222222,0.0245672592592592,0.12259405045260166,0.9091180995241895,1.0,-0.0024559176768474654,0.9860322673034729,-0.11112741571577973,0.0790764380930707,-0.01416559392597257,0.15238847691518576
"frozenset({'服装', '母婴'})",frozenset({'食品'}),0.0609954962962962,0.4846506962962963,0.0261466962962962,0.42866601444283836,0.8844844704004488,1.0,-0.003414813454641917,0.9020105870319232,-0.12210293008012571,0.05033055177667284,-0.10863443775145941,0.24130779184064022
"frozenset({'服装', '食品'})",frozenset({'母婴'}),0.2226465777777777,0.1348494222222222,0.0261466962962962,0.11743587778112212,0.8708667478574449,1.0,-0.0038770660767921787,0.9802693719326362,-0.16019418365797294,0.07890976683529376,-0.02012776144220865,0.15566568944602252
"frozenset({'母婴', '食品'})",frozenset({'服装'}),0.0606384296296296,0.4872140740740741,0.0261466962962962,0.43119019499674194,0.885011780121905,1.0,-0.0033972000490096847,0.9015068330669666,-0.12150909341570067,0.0501177022088962,-0.10925393277159681,0.24242795977352866
frozenset({'服装'}),"frozenset({'母婴', '食品'})",0.4872140740740741,0.0606384296296296,0.0261466962962962,0.053665724550315354,0.8850117801219048,1.0,-0.0033972000490096847,0.992631879389552,-0.2021558328753431,0.0501177022088962,-0.007422812790356173,0.24242795977352866
frozenset({'母婴'}),"frozenset({'服装', '食品'})",0.1348494222222222,0.2226465777777777,0.0261466962962962,0.1938955011109229,0.8708667478574449,1.0,-0.0038770660767921787,0.9643333132286475,-0.14631600004076498,0.07890976683529376,-0.036985849479717996,0.15566568944602252
frozenset({'食品'}),"frozenset({'服装', '母婴'})",0.4846506962962963,0.0609954962962962,0.0261466962962962,0.053949569238442074,0.8844844704004488,1.0,-0.003414813454641917,0.9925522711805308,-0.20218564363347166,0.05033055177667284,-0.007503613699468919,0.24130779184064022
"frozenset({'母婴', '食品'})",frozenset({'电子产品'}),0.0606384296296296,0.4842086518518518,0.0259708444444444,0.42829018830254034,0.8845157695232173,1.0,-0.003390807816931931,0.9021908275751217,-0.12202935385380762,0.05005209834381107,-0.10841295370710692,0.24096291777453582
"frozenset({'母婴', '电子产品'})",frozenset({'食品'}),0.0606143703703703,0.4846506962962963,0.0259708444444444,0.42846018668107044,0.8840597773930088,1.0,-0.0034059523611171573,0.9016857473341572,-0.1225048569026197,0.05001181090231862,-0.10903383241501806,0.2410234567287587
"frozenset({'食品', '电子产品'})",frozenset({'母婴'}),0.2212783703703703,0.1348494222222222,0.0259708444444444,0.1173672980371965,0.8703581825051026,1.0,-0.0038684159502749282,0.9801932059098322,-0.16056532461975115,0.0786621168814256,-0.020207030584121224,0.15497936915022145
frozenset({'母婴'}),"frozenset({'食品', '电子产品'})",0.1348494222222222,0.2212783703703703,0.0259708444444444,0.1925914402632464,0.8703581825051024,1.0,-0.0038684159502749282,0.9644703666301521,-0.14688082280046882,0.0786621168814256,-0.036838491465516085,0.15497936915022145
frozenset({'食品'}),"frozenset({'母婴', '电子产品'})",0.4846506962962963,0.0606143703703703,0.0259708444444444,0.05358672677644695,0.8840597773930088,1.0,-0.0034059523611171573,0.9925744452315354,-0.20285589893331632,0.05001181090231862,-0.007481106131774794,0.2410234567287587
frozenset({'电子产品'}),"frozenset({'母婴', '食品'})",0.4842086518518518,0.0606384296296296,0.0259708444444444,0.05363564724653128,0.8845157695232173,1.0,-0.003390807816931931,0.9926003316135866,-0.2019979858906028,0.05005209834381107,-0.00745483166863774,0.24096291777453582
"frozenset({'服装', '母婴'})",frozenset({'电子产品'}),0.0609954962962962,0.4842086518518518,0.0261442074074074,0.4286252099730016,0.8852076647819658,1.0,-0.003390339623256803,0.9027198209493565,-0.1213441526688753,0.05036837820714405,-0.10776342425752607,0.2413094454058315
"frozenset({'服装', '电子产品'})",frozenset({'母婴'}),0.2224253629629629,0.1348494222222222,0.0261442074074074,0.11754148474407927,0.8716498951725525,1.0,-0.003849724275716209,0.9803866842702249,-0.159219017299473,0.07895437377865122,-0.020005693717040602,0.15570926452723144
"frozenset({'母婴', '电子产品'})",frozenset({'服装'}),0.0606143703703703,0.4872140740740741,0.0261442074074074,0.43132028341891826,0.8852787847695509,1.0,-0.0033879669281755564,0.901713057410961,-0.12122629279428615,0.050115003581278024,-0.10900024323840335,0.24249044977998557
frozenset({'服装'}),"frozenset({'母婴', '电子产品'})",0.4872140740740741,0.0606143703703703,0.0261442074074074,0.05366061614105289,0.8852787847695509,1.0,-0.0033879669281755564,0.9926519445899401,-0.20173256032438822,0.050115003581278024,-0.007402449015596558,0.24249044977998557
frozenset({'母婴'}),"frozenset({'服装', '电子产品'})",0.1348494222222222,0.2224253629629629,0.0261442074074074,0.19387704431038358,0.8716498951725526,1.0,-0.003849724275716209,0.9645856522865585,-0.14544604942729197,0.07895437377865122,-0.03671457027117451,0.15570926452723144
frozenset({'电子产品'}),"frozenset({'服装', '母婴'})",0.4842086518518518,0.0609954962962962,0.0261442074074074,0.0539936808386614,0.8852076647819658,1.0,-0.003390339623256803,0.9925985531853084,-0.20090549534502583,0.05036837820714405,-0.0074566367147523,0.2413094454058315
frozenset({'食品'}),frozenset({'运动户外'}),0.4846506962962963,0.1329980148148148,0.0597740148148148,0.12333421837956325,0.9273387918706356,1.0,-0.004683565671210324,0.9889766469299294,-0.13197580622817026,0.10714595089480067,-0.011146221808462677,0.2863848047811165
frozenset({'运动户外'}),frozenset({'食品'}),0.1329980148148148,0.4846506962962963,0.0597740148148148,0.4494353911826698,0.9273387918706357,1.0,-0.004683565671210324,0.9360378336172523,-0.08288359104772712,0.10714595089480067,-0.06833288579327025,0.2863848047811165
frozenset({'服装'}),frozenset({'运动户外'}),0.4872140740740741,0.1329980148148148,0.0601825777777777,0.12352389017528213,0.9287649168844787,1.0,-0.004615926863912274,0.9891906641455095,-0.13011148494121794,0.10746322574746839,-0.010927454378906711,0.28801561459381886
frozenset({'运动户外'}),frozenset({'服装'}),0.1329980148148148,0.4872140740740741,0.0601825777777777,0.4525073390123556,0.9287649168844786,1.0,-0.004615926863912274,0.9366078533379616,-0.08127441503199351,0.10746322574746839,-0.06768269819232905,0.28801561459381886
frozenset({'电子产品'}),frozenset({'运动户外'}),0.4842086518518518,0.1329980148148148,0.0597490666666666,0.12339528927902634,0.9277979784197591,1.0,-0.004649722785787486,0.9890455465064857,-0.13109711167956525,0.10718136530323849,-0.011075782639341235,0.28632154880026567
frozenset({'运动户外'}),frozenset({'电子产品'}),0.1329980148148148,0.4842086518518518,0.0597490666666666,0.449247808321505,0.9277979784197591,1.0,-0.004649722785787486,0.936521644291966,-0.08236554138621682,0.10718136530323849,-0.06778098092545971,0.28632154880026567
frozenset({'家居'}),frozenset({'运动户外'}),0.2510897777777778,0.1329980148148148,0.0304573037037037,0.12130045266382511,0.9120470920766955,1.0,-0.0029371382810337472,0.9866876429076907,-0.11407724818988672,0.08612748238818689,-0.01349196697455217,0.1751530771681155
frozenset({'运动户外'}),frozenset({'家居'}),0.1329980148148148,0.2510897777777778,0.0304573037037037,0.22900570167240591,0.9120470920766954,1.0,-0.0029371382810337472,0.9713563691025008,-0.10009440449803178,0.08612748238818689,-0.02948828237360998,0.1751530771681155
frozenset({'玩具'}),frozenset({'运动户外'}),0.2003952,0.1329980148148148,0.0242474666666666,0.12099824080949344,0.9097747885783879,1.0,-0.002404697111751175,0.986348407292868,-0.11034219330071206,0.07843377051735087,-0.0138405380960671,0.1516563707608086
frozenset({'运动户外'}),frozenset({'玩具'}),0.1329980148148148,0.2003952,0.0242474666666666,0.18231450071212377,0.909774788578388,1.0,-0.002404697111751175,0.9778879541050651,-0.10264508629050141,0.07843377051735087,-0.022612044459808432,0.1516563707608086
"frozenset({'服装', '食品'})",frozenset({'运动户外'}),0.2226465777777777,0.1329980148148148,0.0258010666666666,0.11588350885149694,0.8713175832951496,1.0,-0.00381048618309009,0.980642250048876,-0.15965478737011515,0.07822214061724782,-0.019739869407175953,0.15493969346488287
"frozenset({'服装', '运动户外'})",frozenset({'食品'}),0.0601825777777777,0.4846506962962963,0.0258010666666666,0.4287132193296246,0.8845818702126165,1.0,-0.003366461558239369,0.902085119314275,-0.1219080791496396,0.04970995305964587,-0.10854283990423817,0.24097481826725373
"frozenset({'食品', '运动户外'})",frozenset({'服装'}),0.0597740148148148,0.4872140740740741,0.0258010666666666,0.4316435284897726,0.8859422407082338,1.0,-0.003321674615023376,0.902225894540023,-0.1204355852396573,0.04950443039939244,-0.10836987283525575,0.2422999265554684
frozenset({'服装'}),"frozenset({'食品', '运动户外'})",0.4872140740740741,0.0597740148148148,0.0258010666666666,0.05295632462116419,0.8859422407082338,1.0,-0.003321674615023376,0.9928010815436538,-0.20067996936622143,0.04950443039939244,-0.00725111866835696,0.2422999265554684
frozenset({'食品'}),"frozenset({'服装', '运动户外'})",0.4846506962962963,0.0601825777777777,0.0258010666666666,0.05323641720488285,0.8845818702126165,1.0,-0.003366461558239369,0.9926632575448373,-0.20203185806600726,0.04970995305964587,-0.007390968084492917,0.24097481826725373
frozenset({'运动户外'}),"frozenset({'服装', '食品'})",0.1329980148148148,0.2226465777777777,0.0258010666666666,0.19399587807826882,0.8713175832951496,1.0,-0.00381048618309009,0.964453407966205,-0.14554916461029552,0.07822214061724782,-0.03685672292739773,0.15493969346488287
"frozenset({'服装', '电子产品'})",frozenset({'运动户外'}),0.2224253629629629,0.1329980148148148,0.0257900444444444,0.11594920696493961,0.8718115614461329,1.0,-0.003792087274094299,0.9807151263431998,-0.15902556303395002,0.07823858158897079,-0.01966409320992925,0.15493110497745158
"frozenset({'服装', '运动户外'})",frozenset({'电子产品'}),0.0601825777777777,0.4842086518518518,0.0257900444444444,0.42853007293362105,0.8850111853530735,1.0,-0.0033508804063025546,0.9025695381661554,-0.12145793826546807,0.0497300144719784,-0.10794787294927341,0.2408961637151678
"frozenset({'电子产品', '运动户外'})",frozenset({'服装'}),0.0597490666666666,0.4872140740740741,0.0257900444444444,0.4316392854858167,0.8859335320025915,1.0,-0.0033205417483456907,0.9022191591201708,-0.12044190380129413,0.04948460430463643,-0.10837814725103313,0.24228649357583748
frozenset({'服装'}),"frozenset({'电子产品', '运动户外'})",0.4872140740740741,0.0597490666666666,0.0257900444444444,0.05293370166585825,0.8859335320025915,1.0,-0.0033205417483456907,0.9928037086603162,-0.20069379372025883,0.04948460430463643,-0.007248453321547726,0.24228649357583748
frozenset({'电子产品'}),"frozenset({'服装', '运动户外'})",0.4842086518518518,0.0601825777777777,0.0257900444444444,0.05326225449671458,0.8850111853530735,1.0,-0.0033508804063025546,0.99269034818361,-0.20121586316399462,0.0497300144719784,-0.007363476264038429,0.2408961637151678
frozenset({'运动户外'}),"frozenset({'服装', '电子产品'})",0.1329980148148148,0.2224253629629629,0.0257900444444444,0.19391300298996356,0.871811561446133,1.0,-0.003792087274094299,0.9646286814217842,-0.14500121436889343,0.07823858158897079,-0.03666832560491713,0.15493110497745158
"frozenset({'食品', '电子产品'})",frozenset({'运动户外'}),0.2212783703703703,0.1329980148148148,0.0256164444444444,0.11576569549734222,0.8704317553802086,1.0,-0.003813139536272183,0.9805115915207961,-0.16047743814917664,0.07794209536674751,-0.019875755317667325,0.1541867079232478
"frozenset({'食品', '运动户外'})",frozenset({'电子产品'}),0.0597740148148148,0.4842086518518518,0.0256164444444444,0.4285548582240363,0.8850623725640422,1.0,-0.003326650684809692,0.9026086853151781,-0.12135791391320663,0.049417657529125615,-0.10789982000983538,0.24072929479685723
"frozenset({'电子产品', '运动户外'})",frozenset({'食品'}),0.0597490666666666,0.4846506962962963,0.0256164444444444,0.42873380076973744,0.884624336756604,1.0,-0.003340982318609395,0.9021176194182281,-0.12181421168676837,0.049377926255602986,-0.1085029030304228,0.24079463962078174
frozenset({'食品'}),"frozenset({'电子产品', '运动户外'})",0.4846506962962963,0.0597490666666666,0.0256164444444444,0.05285547847182606,0.8846243367566041,1.0,-0.003340982318609395,0.9927217145449798,-0.2019647992457033,0.049377926255602986,-0.007331647276755912,0.24079463962078174
frozenset({'电子产品'}),"frozenset({'食品', '运动户外'})",0.4842086518518518,0.0597740148148148,0.0256164444444444,0.05290373136967819,0.8850623725640422,1.0,-0.003326650684809692,0.992745950255857,-0.20113501547803753,0.049417657529125615,-0.007307055488137193,0.24072929479685723
frozenset({'运动户外'}),"frozenset({'食品', '电子产品'})",0.1329980148148148,0.2212783703703703,0.0256164444444444,0.19260772034915333,0.8704317553802084,1.0,-0.003813139536272183,0.9644898140051383,-0.1465315742219115,0.07794209536674751,-0.036817585296626605,0.1541867079232478
